method,path,benchmark_state,status,avg_ms,min_ms,max_ms,source_file
DELETE,"/api/activity-assignments",BENCHMARKED,401,11.801,8.442,13.857,"src/app/api/activity-assignments/route.ts"
GET,"/api/activity-assignments",BENCHMARKED,401,7.799,6.949,8.417,"src/app/api/activity-assignments/route.ts"
POST,"/api/activity-assignments",BENCHMARKED,401,8.761,7.091,10.131,"src/app/api/activity-assignments/route.ts"
PUT,"/api/activity-assignments",BENCHMARKED,401,6.904,5.791,7.487,"src/app/api/activity-assignments/route.ts"
DELETE,"/api/activity-logs",BENCHMARKED,403,8.445,6.912,11.334,"src/app/api/activity-logs/route.ts"
GET,"/api/activity-logs",BENCHMARKED,401,7.776,6.595,9.754,"src/app/api/activity-logs/route.ts"
POST,"/api/activity-logs",BENCHMARKED,401,7.729,7.373,8.210,"src/app/api/activity-logs/route.ts"
DELETE,"/api/admin/appointment-config",BENCHMARKED,401,8.554,6.949,10.910,"src/app/api/admin/appointment-config/route.ts"
GET,"/api/admin/appointment-config",BENCHMARKED,401,6.972,6.558,7.378,"src/app/api/admin/appointment-config/route.ts"
POST,"/api/admin/appointment-config",BENCHMARKED,401,6.560,5.335,7.421,"src/app/api/admin/appointment-config/route.ts"
PUT,"/api/admin/appointment-config",BENCHMARKED,401,7.226,6.807,8.025,"src/app/api/admin/appointment-config/route.ts"
GET,"/api/admin/audit-logs",BENCHMARKED,401,8.009,6.427,10.345,"src/app/api/admin/audit-logs/route.ts"
GET,"/api/admin/audit-logs/smart-people",BENCHMARKED,401,8.789,6.450,13.433,"src/app/api/admin/audit-logs/smart-people/route.ts"
GET,"/api/admin/blogs",BENCHMARKED,401,10.228,8.537,13.125,"src/app/api/admin/blogs/route.ts"
POST,"/api/admin/blogs",BENCHMARKED,401,8.416,7.870,9.186,"src/app/api/admin/blogs/route.ts"
DELETE,"/api/admin/blogs/test-id",BENCHMARKED,401,12.736,8.569,16.876,"src/app/api/admin/blogs/[id]/route.ts"
GET,"/api/admin/blogs/test-id",BENCHMARKED,401,9.419,7.870,11.117,"src/app/api/admin/blogs/[id]/route.ts"
PATCH,"/api/admin/blogs/test-id",BENCHMARKED,401,8.279,6.966,9.945,"src/app/api/admin/blogs/[id]/route.ts"
PUT,"/api/admin/blogs/test-id",BENCHMARKED,401,8.953,8.659,9.520,"src/app/api/admin/blogs/[id]/route.ts"
GET,"/api/admin/clients",BENCHMARKED,401,30.522,11.229,48.035,"src/app/api/admin/clients/route.ts"
DELETE,"/api/admin/clients/test-id",BENCHMARKED,401,20.828,17.504,24.017,"src/app/api/admin/clients/[clientId]/route.ts"
GET,"/api/admin/clients/test-id",BENCHMARKED,401,12.610,10.816,14.071,"src/app/api/admin/clients/[clientId]/route.ts"
PUT,"/api/admin/clients/test-id",BENCHMARKED,401,45.101,6.167,119.083,"src/app/api/admin/clients/[clientId]/route.ts"
PATCH,"/api/admin/clients/test-id/assign",BENCHMARKED,401,10.120,7.313,13.401,"src/app/api/admin/clients/[clientId]/assign/route.ts"
DELETE,"/api/admin/clients/test-id/assign-activities",BENCHMARKED,401,33.884,9.258,80.129,"src/app/api/admin/clients/[clientId]/assign-activities/route.ts"
GET,"/api/admin/clients/test-id/assign-activities",BENCHMARKED,401,18.537,11.779,30.387,"src/app/api/admin/clients/[clientId]/assign-activities/route.ts"
POST,"/api/admin/clients/test-id/assign-activities",BENCHMARKED,401,14.782,13.466,16.937,"src/app/api/admin/clients/[clientId]/assign-activities/route.ts"
DELETE,"/api/admin/clients/test-id/assign-sleep",BENCHMARKED,401,14.449,10.299,19.265,"src/app/api/admin/clients/[clientId]/assign-sleep/route.ts"
GET,"/api/admin/clients/test-id/assign-sleep",BENCHMARKED,401,9.277,8.359,10.497,"src/app/api/admin/clients/[clientId]/assign-sleep/route.ts"
POST,"/api/admin/clients/test-id/assign-sleep",BENCHMARKED,401,11.554,11.040,12.486,"src/app/api/admin/clients/[clientId]/assign-sleep/route.ts"
DELETE,"/api/admin/clients/test-id/assign-steps",BENCHMARKED,401,14.267,11.090,17.167,"src/app/api/admin/clients/[clientId]/assign-steps/route.ts"
GET,"/api/admin/clients/test-id/assign-steps",BENCHMARKED,401,9.452,8.517,10.825,"src/app/api/admin/clients/[clientId]/assign-steps/route.ts"
POST,"/api/admin/clients/test-id/assign-steps",BENCHMARKED,401,9.523,9.073,10.290,"src/app/api/admin/clients/[clientId]/assign-steps/route.ts"
DELETE,"/api/admin/clients/test-id/assign-water",BENCHMARKED,401,15.962,10.379,22.543,"src/app/api/admin/clients/[clientId]/assign-water/route.ts"
GET,"/api/admin/clients/test-id/assign-water",BENCHMARKED,401,23.379,15.553,36.202,"src/app/api/admin/clients/[clientId]/assign-water/route.ts"
POST,"/api/admin/clients/test-id/assign-water",BENCHMARKED,401,15.509,13.664,18.618,"src/app/api/admin/clients/[clientId]/assign-water/route.ts"
GET,"/api/admin/clients/test-id/dietary-recall",BENCHMARKED,401,17.960,13.344,23.419,"src/app/api/admin/clients/[clientId]/dietary-recall/route.ts"
PUT,"/api/admin/clients/test-id/dietary-recall",BENCHMARKED,401,15.016,14.479,15.791,"src/app/api/admin/clients/[clientId]/dietary-recall/route.ts"
DELETE,"/api/admin/clients/test-id/documents",BENCHMARKED,401,27.088,19.274,39.316,"src/app/api/admin/clients/[clientId]/documents/route.ts"
GET,"/api/admin/clients/test-id/lifestyle-info",BENCHMARKED,401,23.773,22.716,24.532,"src/app/api/admin/clients/[clientId]/lifestyle-info/route.ts"
PUT,"/api/admin/clients/test-id/lifestyle-info",BENCHMARKED,401,27.044,17.346,34.279,"src/app/api/admin/clients/[clientId]/lifestyle-info/route.ts"
DELETE,"/api/admin/clients/test-id/measurements",BENCHMARKED,401,19.461,12.207,28.638,"src/app/api/admin/clients/[clientId]/measurements/route.ts"
GET,"/api/admin/clients/test-id/measurements",BENCHMARKED,401,14.415,13.387,15.848,"src/app/api/admin/clients/[clientId]/measurements/route.ts"
POST,"/api/admin/clients/test-id/measurements",BENCHMARKED,401,12.343,12.015,12.595,"src/app/api/admin/clients/[clientId]/measurements/route.ts"
GET,"/api/admin/clients/test-id/medical-info",BENCHMARKED,401,12.533,9.970,16.568,"src/app/api/admin/clients/[clientId]/medical-info/route.ts"
PUT,"/api/admin/clients/test-id/medical-info",BENCHMARKED,401,13.313,11.032,14.936,"src/app/api/admin/clients/[clientId]/medical-info/route.ts"
GET,"/api/admin/clients/test-id/profile",BENCHMARKED,401,17.497,14.717,19.939,"src/app/api/admin/clients/[clientId]/profile/route.ts"
PUT,"/api/admin/clients/test-id/profile",BENCHMARKED,401,14.925,12.733,17.967,"src/app/api/admin/clients/[clientId]/profile/route.ts"
GET,"/api/admin/data/bulk-update",BENCHMARKED,401,14.731,12.906,16.538,"src/app/api/admin/data/bulk-update/route.ts"
PUT,"/api/admin/data/bulk-update",BENCHMARKED,401,10.840,9.653,11.983,"src/app/api/admin/data/bulk-update/route.ts"
GET,"/api/admin/data/export",BENCHMARKED,401,12.432,9.878,14.373,"src/app/api/admin/data/export/route.ts"
GET,"/api/admin/data/records",BENCHMARKED,401,14.853,9.670,18.827,"src/app/api/admin/data/records/route.ts"
PUT,"/api/admin/data/records",BENCHMARKED,401,11.971,10.768,13.108,"src/app/api/admin/data/records/route.ts"
GET,"/api/admin/dietitians",BENCHMARKED,401,14.514,9.197,24.793,"src/app/api/admin/dietitians/route.ts"
DELETE,"/api/admin/dietitians/test-id",BENCHMARKED,401,15.170,12.532,19.944,"src/app/api/admin/dietitians/[dietitianId]/route.ts"
GET,"/api/admin/dietitians/test-id",BENCHMARKED,401,16.196,13.691,20.272,"src/app/api/admin/dietitians/[dietitianId]/route.ts"
PUT,"/api/admin/dietitians/test-id",BENCHMARKED,401,14.350,11.931,16.877,"src/app/api/admin/dietitians/[dietitianId]/route.ts"
GET,"/api/admin/duration-presets",BENCHMARKED,401,9.053,6.972,12.729,"src/app/api/admin/duration-presets/route.ts"
POST,"/api/admin/duration-presets",BENCHMARKED,401,8.455,7.315,10.335,"src/app/api/admin/duration-presets/route.ts"
PUT,"/api/admin/duration-presets",BENCHMARKED,401,7.946,6.605,9.503,"src/app/api/admin/duration-presets/route.ts"
GET,"/api/admin/ecommerce/blogs",BENCHMARKED,401,9.034,6.877,13.191,"src/app/api/admin/ecommerce/blogs/route.ts"
POST,"/api/admin/ecommerce/blogs",BENCHMARKED,401,7.134,6.523,8.056,"src/app/api/admin/ecommerce/blogs/route.ts"
DELETE,"/api/admin/ecommerce/blogs/test-id",BENCHMARKED,401,11.569,6.561,14.838,"src/app/api/admin/ecommerce/blogs/[id]/route.ts"
GET,"/api/admin/ecommerce/blogs/test-id",BENCHMARKED,401,7.516,6.527,8.459,"src/app/api/admin/ecommerce/blogs/[id]/route.ts"
PUT,"/api/admin/ecommerce/blogs/test-id",BENCHMARKED,401,8.739,8.213,9.593,"src/app/api/admin/ecommerce/blogs/[id]/route.ts"
GET,"/api/admin/ecommerce/orders",BENCHMARKED,401,7.419,4.981,10.398,"src/app/api/admin/ecommerce/orders/route.ts"
POST,"/api/admin/ecommerce/orders",BENCHMARKED,401,7.529,6.588,9.009,"src/app/api/admin/ecommerce/orders/route.ts"
POST,"/api/admin/ecommerce/orders/sync",BENCHMARKED,401,8.602,5.531,10.240,"src/app/api/admin/ecommerce/orders/sync/route.ts"
DELETE,"/api/admin/ecommerce/orders/test-id",BENCHMARKED,401,10.158,8.359,13.375,"src/app/api/admin/ecommerce/orders/[orderId]/route.ts"
GET,"/api/admin/ecommerce/orders/test-id",BENCHMARKED,401,8.316,7.997,8.491,"src/app/api/admin/ecommerce/orders/[orderId]/route.ts"
PUT,"/api/admin/ecommerce/orders/test-id",BENCHMARKED,401,9.065,8.796,9.365,"src/app/api/admin/ecommerce/orders/[orderId]/route.ts"
GET,"/api/admin/ecommerce/payments",BENCHMARKED,401,7.793,6.716,9.764,"src/app/api/admin/ecommerce/payments/route.ts"
POST,"/api/admin/ecommerce/payments/sync",BENCHMARKED,401,13.081,7.229,20.532,"src/app/api/admin/ecommerce/payments/sync/route.ts"
GET,"/api/admin/ecommerce/payments/test-id",BENCHMARKED,401,10.758,8.033,13.333,"src/app/api/admin/ecommerce/payments/[paymentId]/route.ts"
GET,"/api/admin/ecommerce/plans",BENCHMARKED,401,8.769,6.621,11.710,"src/app/api/admin/ecommerce/plans/route.ts"
POST,"/api/admin/ecommerce/plans",BENCHMARKED,401,8.036,5.872,10.422,"src/app/api/admin/ecommerce/plans/route.ts"
DELETE,"/api/admin/ecommerce/plans/test-id",BENCHMARKED,401,12.199,7.799,17.118,"src/app/api/admin/ecommerce/plans/[id]/route.ts"
GET,"/api/admin/ecommerce/plans/test-id",BENCHMARKED,401,9.005,8.630,9.411,"src/app/api/admin/ecommerce/plans/[id]/route.ts"
PUT,"/api/admin/ecommerce/plans/test-id",BENCHMARKED,401,9.382,8.062,10.474,"src/app/api/admin/ecommerce/plans/[id]/route.ts"
GET,"/api/admin/ecommerce/ratings",BENCHMARKED,401,12.760,10.368,15.489,"src/app/api/admin/ecommerce/ratings/route.ts"
POST,"/api/admin/ecommerce/ratings",BENCHMARKED,401,10.538,8.433,12.894,"src/app/api/admin/ecommerce/ratings/route.ts"
DELETE,"/api/admin/ecommerce/ratings/test-id",BENCHMARKED,401,15.747,9.656,27.120,"src/app/api/admin/ecommerce/ratings/[id]/route.ts"
GET,"/api/admin/ecommerce/ratings/test-id",BENCHMARKED,401,9.546,7.817,10.634,"src/app/api/admin/ecommerce/ratings/[id]/route.ts"
PUT,"/api/admin/ecommerce/ratings/test-id",BENCHMARKED,401,11.724,10.352,14.322,"src/app/api/admin/ecommerce/ratings/[id]/route.ts"
GET,"/api/admin/ecommerce/transformations",BENCHMARKED,401,9.892,8.033,13.230,"src/app/api/admin/ecommerce/transformations/route.ts"
POST,"/api/admin/ecommerce/transformations",BENCHMARKED,401,14.203,9.288,18.422,"src/app/api/admin/ecommerce/transformations/route.ts"
DELETE,"/api/admin/ecommerce/transformations/test-id",BENCHMARKED,401,14.274,9.105,19.925,"src/app/api/admin/ecommerce/transformations/[id]/route.ts"
GET,"/api/admin/ecommerce/transformations/test-id",BENCHMARKED,401,10.446,9.407,11.067,"src/app/api/admin/ecommerce/transformations/[id]/route.ts"
PUT,"/api/admin/ecommerce/transformations/test-id",BENCHMARKED,401,11.527,9.913,12.929,"src/app/api/admin/ecommerce/transformations/[id]/route.ts"
GET,"/api/admin/goal-categories",BENCHMARKED,200,40.529,6.087,107.015,"src/app/api/admin/goal-categories/route.ts"
POST,"/api/admin/goal-categories",BENCHMARKED,403,7.461,7.215,7.676,"src/app/api/admin/goal-categories/route.ts"
DELETE,"/api/admin/goal-categories/test-id",BENCHMARKED,403,10.626,9.160,12.464,"src/app/api/admin/goal-categories/[id]/route.ts"
GET,"/api/admin/goal-categories/test-id",BENCHMARKED,500,70.515,24.040,98.616,"src/app/api/admin/goal-categories/[id]/route.ts"
PUT,"/api/admin/goal-categories/test-id",BENCHMARKED,403,8.213,7.833,8.419,"src/app/api/admin/goal-categories/[id]/route.ts"
GET,"/api/admin/health-counselors",BENCHMARKED,401,7.475,6.830,7.998,"src/app/api/admin/health-counselors/route.ts"
DELETE,"/api/admin/health-counselors/test-id",BENCHMARKED,401,11.384,8.271,13.117,"src/app/api/admin/health-counselors/[counselorId]/route.ts"
GET,"/api/admin/health-counselors/test-id",BENCHMARKED,401,12.648,11.283,15.207,"src/app/api/admin/health-counselors/[counselorId]/route.ts"
PUT,"/api/admin/health-counselors/test-id",BENCHMARKED,401,13.202,8.855,16.770,"src/app/api/admin/health-counselors/[counselorId]/route.ts"
GET,"/api/admin/import/export",BENCHMARKED,401,9.530,7.509,13.294,"src/app/api/admin/import/export/route.ts"
GET,"/api/admin/import/models",BENCHMARKED,401,13.265,6.411,26.659,"src/app/api/admin/import/models/route.ts"
DELETE,"/api/admin/import/row",BENCHMARKED,401,7.726,6.837,9.335,"src/app/api/admin/import/row/route.ts"
PATCH,"/api/admin/import/row",BENCHMARKED,401,6.971,6.259,7.624,"src/app/api/admin/import/row/route.ts"
POST,"/api/admin/import/save",SKIPPED,,,,,"src/app/api/admin/import/save/route.ts"
DELETE,"/api/admin/import/session",BENCHMARKED,401,8.069,6.819,9.492,"src/app/api/admin/import/session/route.ts"
GET,"/api/admin/import/session",BENCHMARKED,401,7.359,5.941,8.864,"src/app/api/admin/import/session/route.ts"
POST,"/api/admin/import/upload",SKIPPED,,,,,"src/app/api/admin/import/upload/route.ts"
GET,"/api/admin/leads",BENCHMARKED,401,8.436,5.977,11.846,"src/app/api/admin/leads/route.ts"
POST,"/api/admin/leads",BENCHMARKED,401,6.926,5.833,8.295,"src/app/api/admin/leads/route.ts"
DELETE,"/api/admin/leads/test-id",BENCHMARKED,401,10.417,7.428,15.136,"src/app/api/admin/leads/[id]/route.ts"
GET,"/api/admin/leads/test-id",BENCHMARKED,401,9.150,8.749,9.616,"src/app/api/admin/leads/[id]/route.ts"
PUT,"/api/admin/leads/test-id",BENCHMARKED,401,9.162,8.133,10.085,"src/app/api/admin/leads/[id]/route.ts"
GET,"/api/admin/notifications/metrics",BENCHMARKED,401,10.465,6.835,14.883,"src/app/api/admin/notifications/metrics/route.ts"
DELETE,"/api/admin/notifications/send",BENCHMARKED,401,8.196,7.230,9.309,"src/app/api/admin/notifications/send/route.ts"
GET,"/api/admin/notifications/send",BENCHMARKED,401,7.141,6.593,7.500,"src/app/api/admin/notifications/send/route.ts"
POST,"/api/admin/notifications/send",SKIPPED,,,,,"src/app/api/admin/notifications/send/route.ts"
GET,"/api/admin/payments",BENCHMARKED,401,8.973,8.474,9.560,"src/app/api/admin/payments/route.ts"
POST,"/api/admin/payments/sync",SKIPPED,,,,,"src/app/api/admin/payments/sync/route.ts"
PUT,"/api/admin/payments/sync-status",BENCHMARKED,401,8.414,5.727,12.670,"src/app/api/admin/payments/sync-status/route.ts"
GET,"/api/admin/permissions",BENCHMARKED,401,9.471,8.359,11.418,"src/app/api/admin/permissions/route.ts"
POST,"/api/admin/permissions",BENCHMARKED,401,7.240,6.716,7.823,"src/app/api/admin/permissions/route.ts"
PUT,"/api/admin/permissions",BENCHMARKED,401,6.724,6.698,6.756,"src/app/api/admin/permissions/route.ts"
GET,"/api/admin/permissions/check",BENCHMARKED,401,7.763,6.253,10.266,"src/app/api/admin/permissions/check/route.ts"
GET,"/api/admin/recent-activity",BENCHMARKED,401,8.873,6.735,13.116,"src/app/api/admin/recent-activity/route.ts"
GET,"/api/admin/recipes/bulk-update",BENCHMARKED,401,11.333,6.319,21.268,"src/app/api/admin/recipes/bulk-update/route.ts"
POST,"/api/admin/recipes/bulk-update",SKIPPED,,,,,"src/app/api/admin/recipes/bulk-update/route.ts"
PUT,"/api/admin/recipes/bulk-update",BENCHMARKED,401,7.210,6.773,7.665,"src/app/api/admin/recipes/bulk-update/route.ts"
POST,"/api/admin/recipes/import",SKIPPED,,,,,"src/app/api/admin/recipes/import/route.ts"
PATCH,"/api/admin/recipes/update",BENCHMARKED,401,9.117,7.207,12.132,"src/app/api/admin/recipes/update/route.ts"
DELETE,"/api/admin/service-plans",BENCHMARKED,401,8.666,5.825,12.669,"src/app/api/admin/service-plans/route.ts"
GET,"/api/admin/service-plans",BENCHMARKED,401,7.153,6.845,7.562,"src/app/api/admin/service-plans/route.ts"
POST,"/api/admin/service-plans",BENCHMARKED,401,6.742,6.068,7.413,"src/app/api/admin/service-plans/route.ts"
PUT,"/api/admin/service-plans",BENCHMARKED,401,7.719,7.365,7.984,"src/app/api/admin/service-plans/route.ts"
DELETE,"/api/admin/subscription-plans",BENCHMARKED,401,10.838,7.730,16.272,"src/app/api/admin/subscription-plans/route.ts"
GET,"/api/admin/subscription-plans",BENCHMARKED,401,6.825,6.142,7.251,"src/app/api/admin/subscription-plans/route.ts"
POST,"/api/admin/subscription-plans",BENCHMARKED,401,6.311,6.086,6.481,"src/app/api/admin/subscription-plans/route.ts"
PUT,"/api/admin/subscription-plans",BENCHMARKED,401,6.723,6.585,6.874,"src/app/api/admin/subscription-plans/route.ts"
DELETE,"/api/admin/system-alerts",BENCHMARKED,401,7.742,6.346,9.601,"src/app/api/admin/system-alerts/route.ts"
GET,"/api/admin/system-alerts",BENCHMARKED,401,6.984,6.671,7.383,"src/app/api/admin/system-alerts/route.ts"
POST,"/api/admin/system-alerts",BENCHMARKED,401,6.931,6.120,7.869,"src/app/api/admin/system-alerts/route.ts"
GET,"/api/admin/tags",BENCHMARKED,403,7.290,6.327,8.703,"src/app/api/admin/tags/route.ts"
POST,"/api/admin/tags",BENCHMARKED,403,6.005,5.525,6.509,"src/app/api/admin/tags/route.ts"
DELETE,"/api/admin/tags/test-id",BENCHMARKED,403,9.465,7.809,11.958,"src/app/api/admin/tags/[tagId]/route.ts"
GET,"/api/admin/tags/test-id",BENCHMARKED,403,8.140,7.840,8.641,"src/app/api/admin/tags/[tagId]/route.ts"
PUT,"/api/admin/tags/test-id",BENCHMARKED,403,8.774,7.313,9.869,"src/app/api/admin/tags/[tagId]/route.ts"
GET,"/api/admin/top-dietitians",BENCHMARKED,401,7.809,6.455,9.929,"src/app/api/admin/top-dietitians/route.ts"
GET,"/api/admin/transformations",BENCHMARKED,401,7.678,6.370,9.783,"src/app/api/admin/transformations/route.ts"
POST,"/api/admin/transformations",BENCHMARKED,401,7.835,7.294,8.865,"src/app/api/admin/transformations/route.ts"
DELETE,"/api/admin/transformations/test-id",BENCHMARKED,401,13.801,8.399,22.365,"src/app/api/admin/transformations/[id]/route.ts"
GET,"/api/admin/transformations/test-id",BENCHMARKED,401,7.880,7.421,8.569,"src/app/api/admin/transformations/[id]/route.ts"
PUT,"/api/admin/transformations/test-id",BENCHMARKED,401,8.646,7.778,9.147,"src/app/api/admin/transformations/[id]/route.ts"
GET,"/api/admin/users/test-id/activity",BENCHMARKED,403,10.148,7.795,14.512,"src/app/api/admin/users/[id]/activity/route.ts"
POST,"/api/admin/users/test-id/password",BENCHMARKED,403,11.415,8.894,15.525,"src/app/api/admin/users/[id]/password/route.ts"
GET,"/api/analytics/stats",BENCHMARKED,401,11.967,8.192,16.498,"src/app/api/analytics/stats/route.ts"
GET,"/api/appointments",BENCHMARKED,401,10.509,8.135,13.017,"src/app/api/appointments/route.ts"
POST,"/api/appointments",BENCHMARKED,401,7.832,6.581,9.228,"src/app/api/appointments/route.ts"
GET,"/api/appointments/available-slots",BENCHMARKED,401,10.109,6.196,16.534,"src/app/api/appointments/available-slots/route.ts"
DELETE,"/api/appointments/provider-availability",BENCHMARKED,401,8.998,7.079,12.356,"src/app/api/appointments/provider-availability/route.ts"
GET,"/api/appointments/provider-availability",BENCHMARKED,401,7.855,6.476,9.361,"src/app/api/appointments/provider-availability/route.ts"
POST,"/api/appointments/provider-availability",BENCHMARKED,401,7.961,7.249,8.318,"src/app/api/appointments/provider-availability/route.ts"
DELETE,"/api/appointments/test-id",BENCHMARKED,401,14.213,11.845,15.850,"src/app/api/appointments/[id]/route.ts"
GET,"/api/appointments/test-id",BENCHMARKED,401,15.275,12.031,19.611,"src/app/api/appointments/[id]/route.ts"
PUT,"/api/appointments/test-id",BENCHMARKED,401,15.392,13.602,18.534,"src/app/api/appointments/[id]/route.ts"
POST,"/api/appointments/test-id/reschedule",BENCHMARKED,401,18.218,15.094,21.579,"src/app/api/appointments/[id]/reschedule/route.ts"
GET,"/api/auth/client-login",BENCHMARKED,401,10.864,9.530,12.580,"src/app/api/auth/client-login/route.ts"
POST,"/api/auth/client-login",SKIPPED,,,,,"src/app/api/auth/client-login/route.ts"
POST,"/api/auth/forgot-password",SKIPPED,,,,,"src/app/api/auth/forgot-password/route.ts"
POST,"/api/auth/google-calendar",BENCHMARKED,401,16.969,14.123,18.687,"src/app/api/auth/google-calendar/route.ts"
GET,"/api/auth/google-calendar/callback",BENCHMARKED,307,11.219,7.553,16.028,"src/app/api/auth/google-calendar/callback/route.ts"
GET,"/api/auth/logout",BENCHMARKED,307,9.168,6.614,10.668,"src/app/api/auth/logout/route.ts"
POST,"/api/auth/logout",SKIPPED,,,,,"src/app/api/auth/logout/route.ts"
GET,"/api/auth/logout-notification",BENCHMARKED,401,17.893,9.945,33.267,"src/app/api/auth/logout-notification/route.ts"
POST,"/api/auth/otp/send",SKIPPED,,,,,"src/app/api/auth/otp/send/route.ts"
POST,"/api/auth/otp/verify",SKIPPED,,,,,"src/app/api/auth/otp/verify/route.ts"
POST,"/api/auth/register",SKIPPED,,,,,"src/app/api/auth/register/route.ts"
GET,"/api/auth/reset-password",BENCHMARKED,400,7.128,5.027,10.773,"src/app/api/auth/reset-password/route.ts"
POST,"/api/auth/reset-password",SKIPPED,,,,,"src/app/api/auth/reset-password/route.ts"
GET,"/api/client-meal-plans",BENCHMARKED,401,8.783,6.716,12.486,"src/app/api/client-meal-plans/route.ts"
POST,"/api/client-meal-plans",BENCHMARKED,401,6.592,6.324,6.956,"src/app/api/client-meal-plans/route.ts"
DELETE,"/api/client-meal-plans/test-id",BENCHMARKED,401,10.417,7.985,14.104,"src/app/api/client-meal-plans/[id]/route.ts"
GET,"/api/client-meal-plans/test-id",BENCHMARKED,401,9.036,8.665,9.397,"src/app/api/client-meal-plans/[id]/route.ts"
PUT,"/api/client-meal-plans/test-id",BENCHMARKED,401,10.217,8.975,12.627,"src/app/api/client-meal-plans/[id]/route.ts"
GET,"/api/client-meal-plans/test-id/extend",BENCHMARKED,401,34.087,12.589,72.402,"src/app/api/client-meal-plans/[id]/extend/route.ts"
POST,"/api/client-meal-plans/test-id/extend",BENCHMARKED,401,12.527,11.677,13.223,"src/app/api/client-meal-plans/[id]/extend/route.ts"
DELETE,"/api/client-meal-plans/test-id/freeze",BENCHMARKED,401,16.082,11.740,23.786,"src/app/api/client-meal-plans/[id]/freeze/route.ts"
GET,"/api/client-meal-plans/test-id/freeze",BENCHMARKED,401,11.119,9.089,12.149,"src/app/api/client-meal-plans/[id]/freeze/route.ts"
POST,"/api/client-meal-plans/test-id/freeze",BENCHMARKED,401,14.486,12.850,17.636,"src/app/api/client-meal-plans/[id]/freeze/route.ts"
GET,"/api/client-purchases",BENCHMARKED,401,15.676,7.461,29.090,"src/app/api/client-purchases/route.ts"
PATCH,"/api/client-purchases",BENCHMARKED,401,10.846,9.779,11.987,"src/app/api/client-purchases/route.ts"
POST,"/api/client-purchases",BENCHMARKED,401,10.572,8.417,12.958,"src/app/api/client-purchases/route.ts"
PUT,"/api/client-purchases",BENCHMARKED,401,10.962,10.369,11.456,"src/app/api/client-purchases/route.ts"
GET,"/api/client-purchases/check",BENCHMARKED,401,15.247,11.895,18.077,"src/app/api/client-purchases/check/route.ts"
DELETE,"/api/client/activity",BENCHMARKED,401,12.453,9.505,15.628,"src/app/api/client/activity/route.ts"
GET,"/api/client/activity",BENCHMARKED,401,13.741,10.469,16.786,"src/app/api/client/activity/route.ts"
PATCH,"/api/client/activity",BENCHMARKED,401,17.974,12.851,20.972,"src/app/api/client/activity/route.ts"
POST,"/api/client/activity",BENCHMARKED,401,30.404,15.027,60.572,"src/app/api/client/activity/route.ts"
GET,"/api/client/appointments",BENCHMARKED,401,12.676,9.665,18.396,"src/app/api/client/appointments/route.ts"
POST,"/api/client/appointments",BENCHMARKED,401,11.113,9.874,11.774,"src/app/api/client/appointments/route.ts"
GET,"/api/client/billing",BENCHMARKED,401,15.256,12.892,16.912,"src/app/api/client/billing/route.ts"
GET,"/api/client/blogs",BENCHMARKED,200,151.644,105.915,227.488,"src/app/api/client/blogs/route.ts"
GET,"/api/client/blogs/test-id",BENCHMARKED,404,90.482,74.871,98.872,"src/app/api/client/blogs/[id]/route.ts"
POST,"/api/client/blogs/test-id",BENCHMARKED,500,62.950,27.537,125.286,"src/app/api/client/blogs/[id]/route.ts"
GET,"/api/client/bmi",BENCHMARKED,401,9.263,6.251,13.403,"src/app/api/client/bmi/route.ts"
PUT,"/api/client/bmi",BENCHMARKED,401,8.407,7.706,9.001,"src/app/api/client/bmi/route.ts"
GET,"/api/client/dashboard-summary",BENCHMARKED,401,9.099,6.186,13.002,"src/app/api/client/dashboard-summary/route.ts"
DELETE,"/api/client/delete-account",SKIPPED,,,,,"src/app/api/client/delete-account/route.ts"
GET,"/api/client/dietary-recall",BENCHMARKED,401,8.102,5.783,11.928,"src/app/api/client/dietary-recall/route.ts"
POST,"/api/client/dietary-recall",BENCHMARKED,401,7.094,6.935,7.282,"src/app/api/client/dietary-recall/route.ts"
PUT,"/api/client/dietary-recall",BENCHMARKED,401,6.597,6.230,6.938,"src/app/api/client/dietary-recall/route.ts"
DELETE,"/api/client/hydration",BENCHMARKED,401,8.236,6.543,11.461,"src/app/api/client/hydration/route.ts"
GET,"/api/client/hydration",BENCHMARKED,401,7.260,7.047,7.406,"src/app/api/client/hydration/route.ts"
PATCH,"/api/client/hydration",BENCHMARKED,401,6.093,5.850,6.234,"src/app/api/client/hydration/route.ts"
POST,"/api/client/hydration",BENCHMARKED,401,6.579,6.357,6.968,"src/app/api/client/hydration/route.ts"
GET,"/api/client/lifestyle-info",BENCHMARKED,401,9.336,6.229,14.402,"src/app/api/client/lifestyle-info/route.ts"
POST,"/api/client/lifestyle-info",BENCHMARKED,401,8.816,5.754,14.304,"src/app/api/client/lifestyle-info/route.ts"
PUT,"/api/client/lifestyle-info",BENCHMARKED,401,6.591,6.397,6.920,"src/app/api/client/lifestyle-info/route.ts"
GET,"/api/client/meal-plan",BENCHMARKED,401,8.438,6.401,11.669,"src/app/api/client/meal-plan/route.ts"
POST,"/api/client/meal-plan/complete",SKIPPED,,,,,"src/app/api/client/meal-plan/complete/route.ts"
GET,"/api/client/medical-info",BENCHMARKED,401,9.105,6.565,13.582,"src/app/api/client/medical-info/route.ts"
POST,"/api/client/medical-info",BENCHMARKED,401,7.083,5.738,7.943,"src/app/api/client/medical-info/route.ts"
PUT,"/api/client/medical-info",BENCHMARKED,401,6.483,5.732,7.465,"src/app/api/client/medical-info/route.ts"
GET,"/api/client/messages",BENCHMARKED,401,8.211,5.977,12.462,"src/app/api/client/messages/route.ts"
POST,"/api/client/messages",BENCHMARKED,401,8.379,5.889,11.783,"src/app/api/client/messages/route.ts"
GET,"/api/client/messages/conversations",BENCHMARKED,401,7.988,5.688,12.257,"src/app/api/client/messages/conversations/route.ts"
DELETE,"/api/client/messages/test-id",BENCHMARKED,401,9.775,6.660,15.223,"src/app/api/client/messages/[messageId]/route.ts"
GET,"/api/client/messages/unread-count",BENCHMARKED,401,8.831,6.387,13.192,"src/app/api/client/messages/unread-count/route.ts"
DELETE,"/api/client/notifications",BENCHMARKED,401,7.316,6.873,7.727,"src/app/api/client/notifications/route.ts"
GET,"/api/client/notifications",BENCHMARKED,401,6.270,5.328,6.754,"src/app/api/client/notifications/route.ts"
POST,"/api/client/notifications",BENCHMARKED,401,6.396,6.069,6.857,"src/app/api/client/notifications/route.ts"
GET,"/api/client/notifications/unread-count",BENCHMARKED,401,6.497,5.963,7.081,"src/app/api/client/notifications/unread-count/route.ts"
GET,"/api/client/onboarding",BENCHMARKED,401,9.096,6.014,14.472,"src/app/api/client/onboarding/route.ts"
POST,"/api/client/onboarding",BENCHMARKED,401,6.246,5.057,6.929,"src/app/api/client/onboarding/route.ts"
GET,"/api/client/payment-receipt",BENCHMARKED,401,9.080,5.558,14.643,"src/app/api/client/payment-receipt/route.ts"
GET,"/api/client/profile",BENCHMARKED,401,8.299,5.928,12.776,"src/app/api/client/profile/route.ts"
PUT,"/api/client/profile",BENCHMARKED,401,6.534,6.107,6.987,"src/app/api/client/profile/route.ts"
DELETE,"/api/client/progress",BENCHMARKED,401,7.306,6.483,8.714,"src/app/api/client/progress/route.ts"
GET,"/api/client/progress",BENCHMARKED,401,6.975,6.015,8.505,"src/app/api/client/progress/route.ts"
POST,"/api/client/progress",BENCHMARKED,401,29.993,8.363,71.912,"src/app/api/client/progress/route.ts"
GET,"/api/client/purchase-request",BENCHMARKED,401,48.107,13.821,115.428,"src/app/api/client/purchase-request/route.ts"
POST,"/api/client/purchase-request",SKIPPED,,,,,"src/app/api/client/purchase-request/route.ts"
POST,"/api/client/send-receipt",SKIPPED,,,,,"src/app/api/client/send-receipt/route.ts"
GET,"/api/client/service-plans",BENCHMARKED,401,7.197,6.076,8.185,"src/app/api/client/service-plans/route.ts"
POST,"/api/client/service-plans/purchase",SKIPPED,,,,,"src/app/api/client/service-plans/purchase/route.ts"
POST,"/api/client/service-plans/verify",SKIPPED,,,,,"src/app/api/client/service-plans/verify/route.ts"
POST,"/api/client/service-plans/verify-link",BENCHMARKED,401,8.310,6.170,11.509,"src/app/api/client/service-plans/verify-link/route.ts"
GET,"/api/client/settings",BENCHMARKED,401,8.717,5.954,13.991,"src/app/api/client/settings/route.ts"
PUT,"/api/client/settings",BENCHMARKED,401,5.999,5.794,6.132,"src/app/api/client/settings/route.ts"
DELETE,"/api/client/sleep",BENCHMARKED,401,7.738,6.056,10.882,"src/app/api/client/sleep/route.ts"
GET,"/api/client/sleep",BENCHMARKED,401,6.034,5.787,6.399,"src/app/api/client/sleep/route.ts"
PATCH,"/api/client/sleep",BENCHMARKED,401,6.236,5.948,6.604,"src/app/api/client/sleep/route.ts"
POST,"/api/client/sleep",BENCHMARKED,401,11.584,5.925,22.715,"src/app/api/client/sleep/route.ts"
DELETE,"/api/client/steps",BENCHMARKED,401,22.807,5.649,52.651,"src/app/api/client/steps/route.ts"
GET,"/api/client/steps",BENCHMARKED,401,5.607,4.467,6.440,"src/app/api/client/steps/route.ts"
PATCH,"/api/client/steps",BENCHMARKED,401,5.926,4.731,6.600,"src/app/api/client/steps/route.ts"
POST,"/api/client/steps",BENCHMARKED,401,5.625,4.947,6.782,"src/app/api/client/steps/route.ts"
GET,"/api/client/subscriptions",BENCHMARKED,401,9.020,5.925,14.802,"src/app/api/client/subscriptions/route.ts"
POST,"/api/client/subscriptions/purchase",SKIPPED,,,,,"src/app/api/client/subscriptions/purchase/route.ts"
POST,"/api/client/subscriptions/verify",SKIPPED,,,,,"src/app/api/client/subscriptions/verify/route.ts"
GET,"/api/client/tasks",BENCHMARKED,401,8.637,5.718,13.842,"src/app/api/client/tasks/route.ts"
PATCH,"/api/client/tasks",BENCHMARKED,401,6.149,5.971,6.425,"src/app/api/client/tasks/route.ts"
GET,"/api/client/transformations",BENCHMARKED,200,44.531,4.504,123.560,"src/app/api/client/transformations/route.ts"
POST,"/api/client/unread-counts/refresh",BENCHMARKED,401,9.347,6.714,13.992,"src/app/api/client/unread-counts/refresh/route.ts"
GET,"/api/clients/migrate-woocommerce",BENCHMARKED,401,7.970,6.261,10.486,"src/app/api/clients/migrate-woocommerce/route.ts"
POST,"/api/clients/migrate-woocommerce",SKIPPED,,,,,"src/app/api/clients/migrate-woocommerce/route.ts"
GET,"/api/clients/test-id/assign",BENCHMARKED,401,9.214,7.055,13.167,"src/app/api/clients/[clientId]/assign/route.ts"
PATCH,"/api/clients/test-id/assign",BENCHMARKED,401,6.698,5.882,7.352,"src/app/api/clients/[clientId]/assign/route.ts"
GET,"/api/clients/test-id/phase-history",BENCHMARKED,401,10.990,8.621,15.169,"src/app/api/clients/[clientId]/phase-history/route.ts"
GET,"/api/clients/test-id/tasks",BENCHMARKED,401,11.292,8.208,14.309,"src/app/api/clients/[clientId]/tasks/route.ts"
POST,"/api/clients/test-id/tasks",BENCHMARKED,401,8.440,7.997,8.948,"src/app/api/clients/[clientId]/tasks/route.ts"
DELETE,"/api/clients/test-id/tasks/test-id",BENCHMARKED,401,10.868,7.499,17.328,"src/app/api/clients/[clientId]/tasks/[taskId]/route.ts"
GET,"/api/clients/test-id/tasks/test-id",BENCHMARKED,401,8.479,7.394,9.291,"src/app/api/clients/[clientId]/tasks/[taskId]/route.ts"
PUT,"/api/clients/test-id/tasks/test-id",BENCHMARKED,401,10.078,7.226,14.769,"src/app/api/clients/[clientId]/tasks/[taskId]/route.ts"
DELETE,"/api/clients/test-id/tasks/test-id/google-calendar",BENCHMARKED,401,10.587,7.709,15.976,"src/app/api/clients/[clientId]/tasks/[taskId]/google-calendar/route.ts"
POST,"/api/clients/test-id/tasks/test-id/google-calendar",BENCHMARKED,401,8.423,7.827,9.230,"src/app/api/clients/[clientId]/tasks/[taskId]/google-calendar/route.ts"
GET,"/api/clients/update-passwords",BENCHMARKED,401,8.364,6.606,10.325,"src/app/api/clients/update-passwords/route.ts"
POST,"/api/clients/update-passwords",SKIPPED,,,,,"src/app/api/clients/update-passwords/route.ts"
DELETE,"/api/clients/woocommerce",BENCHMARKED,401,8.868,7.414,11.438,"src/app/api/clients/woocommerce/route.ts"
GET,"/api/clients/woocommerce",BENCHMARKED,401,6.834,6.341,7.142,"src/app/api/clients/woocommerce/route.ts"
POST,"/api/clients/woocommerce",BENCHMARKED,401,6.853,6.383,7.223,"src/app/api/clients/woocommerce/route.ts"
GET,"/api/dashboard/admin-stats",BENCHMARKED,401,11.088,8.333,15.897,"src/app/api/dashboard/admin-stats/route.ts"
GET,"/api/dashboard/client-stats",BENCHMARKED,401,11.007,8.200,13.970,"src/app/api/dashboard/client-stats/route.ts"
GET,"/api/dashboard/dietitian-stats",BENCHMARKED,401,13.405,9.101,18.588,"src/app/api/dashboard/dietitian-stats/route.ts"
GET,"/api/dashboard/health-counselor-stats",BENCHMARKED,401,13.042,11.437,15.565,"src/app/api/dashboard/health-counselor-stats/route.ts"
GET,"/api/dashboard/pending-plans",BENCHMARKED,401,14.158,11.341,17.382,"src/app/api/dashboard/pending-plans/route.ts"
GET,"/api/debug/check-dietitian",BENCHMARKED,410,14.649,12.311,17.993,"src/app/api/debug/check-dietitian/route.ts"
GET,"/api/diet-templates",BENCHMARKED,200,444.334,193.362,943.271,"src/app/api/diet-templates/route.ts"
POST,"/api/diet-templates",BENCHMARKED,401,8.479,8.066,9.298,"src/app/api/diet-templates/route.ts"
DELETE,"/api/diet-templates/test-id",BENCHMARKED,401,10.294,7.939,14.734,"src/app/api/diet-templates/[id]/route.ts"
GET,"/api/diet-templates/test-id",BENCHMARKED,400,4.196,4.084,4.330,"src/app/api/diet-templates/[id]/route.ts"
PUT,"/api/diet-templates/test-id",BENCHMARKED,401,13.000,7.814,22.991,"src/app/api/diet-templates/[id]/route.ts"
GET,"/api/dietitian-panel/clients/test-id/dietary-recall",BENCHMARKED,401,10.417,8.212,14.128,"src/app/api/dietitian-panel/clients/[clientId]/dietary-recall/route.ts"
PUT,"/api/dietitian-panel/clients/test-id/dietary-recall",BENCHMARKED,401,7.624,7.339,8.048,"src/app/api/dietitian-panel/clients/[clientId]/dietary-recall/route.ts"
GET,"/api/dietitian-panel/clients/test-id/documents",BENCHMARKED,401,11.315,7.531,18.055,"src/app/api/dietitian-panel/clients/[clientId]/documents/route.ts"
GET,"/api/dietitian-panel/clients/test-id/lifestyle-info",BENCHMARKED,401,11.645,7.731,18.301,"src/app/api/dietitian-panel/clients/[clientId]/lifestyle-info/route.ts"
PUT,"/api/dietitian-panel/clients/test-id/lifestyle-info",BENCHMARKED,401,9.583,8.882,10.720,"src/app/api/dietitian-panel/clients/[clientId]/lifestyle-info/route.ts"
GET,"/api/dietitian-panel/clients/test-id/medical-info",BENCHMARKED,401,11.075,8.743,15.296,"src/app/api/dietitian-panel/clients/[clientId]/medical-info/route.ts"
PUT,"/api/dietitian-panel/clients/test-id/medical-info",BENCHMARKED,401,7.682,7.180,8.604,"src/app/api/dietitian-panel/clients/[clientId]/medical-info/route.ts"
GET,"/api/dietitian-panel/clients/test-id/profile",BENCHMARKED,401,11.408,8.239,16.528,"src/app/api/dietitian-panel/clients/[clientId]/profile/route.ts"
PUT,"/api/dietitian-panel/clients/test-id/profile",BENCHMARKED,401,9.314,7.671,10.449,"src/app/api/dietitian-panel/clients/[clientId]/profile/route.ts"
DELETE,"/api/drafts",BENCHMARKED,401,9.212,5.863,15.134,"src/app/api/drafts/route.ts"
GET,"/api/drafts",BENCHMARKED,401,8.492,7.509,9.864,"src/app/api/drafts/route.ts"
POST,"/api/drafts",BENCHMARKED,401,7.241,6.388,8.561,"src/app/api/drafts/route.ts"
DELETE,"/api/duration-presets",BENCHMARKED,401,12.381,10.113,16.009,"src/app/api/duration-presets/route.ts"
GET,"/api/duration-presets",BENCHMARKED,200,68.887,58.848,76.320,"src/app/api/duration-presets/route.ts"
POST,"/api/duration-presets",BENCHMARKED,401,11.772,10.648,13.332,"src/app/api/duration-presets/route.ts"
PUT,"/api/duration-presets",BENCHMARKED,401,10.359,9.101,11.142,"src/app/api/duration-presets/route.ts"
GET,"/api/ecommerce/blogs",BENCHMARKED,200,88.625,76.418,102.720,"src/app/api/ecommerce/blogs/route.ts"
GET,"/api/ecommerce/plans",BENCHMARKED,200,88.666,66.454,100.487,"src/app/api/ecommerce/plans/route.ts"
GET,"/api/ecommerce/ratings",BENCHMARKED,200,92.804,77.171,102.607,"src/app/api/ecommerce/ratings/route.ts"
GET,"/api/ecommerce/transformations",BENCHMARKED,200,93.636,55.637,118.484,"src/app/api/ecommerce/transformations/route.ts"
GET,"/api/fcm/send",BENCHMARKED,200,7.196,4.617,11.858,"src/app/api/fcm/send/route.ts"
POST,"/api/fcm/send",SKIPPED,,,,,"src/app/api/fcm/send/route.ts"
DELETE,"/api/fcm/token",BENCHMARKED,401,9.659,6.743,14.638,"src/app/api/fcm/token/route.ts"
POST,"/api/fcm/token",SKIPPED,,,,,"src/app/api/fcm/token/route.ts"
GET,"/api/files/test-id",BENCHMARKED,500,52.142,24.170,107.533,"src/app/api/files/[id]/route.ts"
GET,"/api/firebase-config",BENCHMARKED,200,7.478,2.872,15.694,"src/app/api/firebase-config/route.ts"
GET,"/api/fitness",BENCHMARKED,401,7.795,6.221,10.937,"src/app/api/fitness/route.ts"
POST,"/api/fitness",BENCHMARKED,401,6.161,6.048,6.250,"src/app/api/fitness/route.ts"
PUT,"/api/fitness",BENCHMARKED,401,6.233,5.907,6.561,"src/app/api/fitness/route.ts"
GET,"/api/food-logs",BENCHMARKED,401,8.759,5.859,14.505,"src/app/api/food-logs/route.ts"
POST,"/api/food-logs",BENCHMARKED,401,6.630,5.941,7.462,"src/app/api/food-logs/route.ts"
GET,"/api/health",BENCHMARKED,200,90.651,68.938,105.404,"src/app/api/health/route.ts"
GET,"/api/invoices/test-id",BENCHMARKED,401,11.158,6.679,17.873,"src/app/api/invoices/[paymentId]/route.ts"
POST,"/api/invoices/test-id",BENCHMARKED,401,7.857,7.310,8.611,"src/app/api/invoices/[paymentId]/route.ts"
GET,"/api/journal",BENCHMARKED,401,8.564,6.009,12.847,"src/app/api/journal/route.ts"
POST,"/api/journal",BENCHMARKED,401,6.883,6.404,7.755,"src/app/api/journal/route.ts"
PUT,"/api/journal",BENCHMARKED,401,6.460,6.165,7.028,"src/app/api/journal/route.ts"
DELETE,"/api/journal/activity",BENCHMARKED,401,13.230,6.267,21.327,"src/app/api/journal/activity/route.ts"
GET,"/api/journal/activity",BENCHMARKED,401,20.920,7.107,37.890,"src/app/api/journal/activity/route.ts"
PATCH,"/api/journal/activity",BENCHMARKED,401,6.771,6.446,6.985,"src/app/api/journal/activity/route.ts"
POST,"/api/journal/activity",BENCHMARKED,401,11.078,7.041,18.881,"src/app/api/journal/activity/route.ts"
DELETE,"/api/journal/bca",BENCHMARKED,401,8.132,6.709,10.390,"src/app/api/journal/bca/route.ts"
GET,"/api/journal/bca",BENCHMARKED,401,7.690,6.371,10.029,"src/app/api/journal/bca/route.ts"
POST,"/api/journal/bca",BENCHMARKED,401,6.410,5.843,6.876,"src/app/api/journal/bca/route.ts"
GET,"/api/journal/compliance",BENCHMARKED,401,7.915,6.462,10.354,"src/app/api/journal/compliance/route.ts"
DELETE,"/api/journal/meals",BENCHMARKED,401,8.496,6.361,12.173,"src/app/api/journal/meals/route.ts"
GET,"/api/journal/meals",BENCHMARKED,401,7.555,6.666,8.452,"src/app/api/journal/meals/route.ts"
POST,"/api/journal/meals",BENCHMARKED,401,6.659,6.537,6.721,"src/app/api/journal/meals/route.ts"
PUT,"/api/journal/meals",BENCHMARKED,401,7.015,6.993,7.055,"src/app/api/journal/meals/route.ts"
DELETE,"/api/journal/measurements",BENCHMARKED,401,8.939,6.141,13.904,"src/app/api/journal/measurements/route.ts"
GET,"/api/journal/measurements",BENCHMARKED,401,6.550,6.157,6.881,"src/app/api/journal/measurements/route.ts"
POST,"/api/journal/measurements",BENCHMARKED,401,7.302,6.827,7.923,"src/app/api/journal/measurements/route.ts"
DELETE,"/api/journal/progress",BENCHMARKED,401,8.890,6.881,12.541,"src/app/api/journal/progress/route.ts"
GET,"/api/journal/progress",BENCHMARKED,401,6.353,5.883,7.115,"src/app/api/journal/progress/route.ts"
POST,"/api/journal/progress",BENCHMARKED,401,6.856,5.192,9.359,"src/app/api/journal/progress/route.ts"
DELETE,"/api/journal/sleep",BENCHMARKED,401,7.675,6.141,10.580,"src/app/api/journal/sleep/route.ts"
GET,"/api/journal/sleep",BENCHMARKED,401,6.084,5.784,6.366,"src/app/api/journal/sleep/route.ts"
POST,"/api/journal/sleep",BENCHMARKED,401,6.237,5.757,6.887,"src/app/api/journal/sleep/route.ts"
DELETE,"/api/journal/steps",BENCHMARKED,401,7.848,5.052,12.315,"src/app/api/journal/steps/route.ts"
GET,"/api/journal/steps",BENCHMARKED,401,6.290,5.923,6.492,"src/app/api/journal/steps/route.ts"
POST,"/api/journal/steps",BENCHMARKED,401,6.098,5.953,6.306,"src/app/api/journal/steps/route.ts"
DELETE,"/api/journal/water",BENCHMARKED,401,7.841,5.765,11.494,"src/app/api/journal/water/route.ts"
GET,"/api/journal/water",BENCHMARKED,401,6.293,5.845,6.934,"src/app/api/journal/water/route.ts"
POST,"/api/journal/water",BENCHMARKED,401,6.623,6.332,6.849,"src/app/api/journal/water/route.ts"
POST,"/api/leads",BENCHMARKED,400,4.858,3.391,7.610,"src/app/api/leads/route.ts"
GET,"/api/meal-plan-templates",BENCHMARKED,200,152.736,7.790,437.768,"src/app/api/meal-plan-templates/route.ts"
POST,"/api/meal-plan-templates",BENCHMARKED,401,7.884,7.284,8.183,"src/app/api/meal-plan-templates/route.ts"
DELETE,"/api/meal-plan-templates/test-id",BENCHMARKED,401,9.575,7.125,13.753,"src/app/api/meal-plan-templates/[id]/route.ts"
GET,"/api/meal-plan-templates/test-id",BENCHMARKED,500,46.100,25.317,87.581,"src/app/api/meal-plan-templates/[id]/route.ts"
PATCH,"/api/meal-plan-templates/test-id",BENCHMARKED,401,10.872,8.050,16.067,"src/app/api/meal-plan-templates/[id]/route.ts"
PUT,"/api/meal-plan-templates/test-id",BENCHMARKED,401,8.521,8.432,8.604,"src/app/api/meal-plan-templates/[id]/route.ts"
GET,"/api/meals",BENCHMARKED,401,8.638,6.291,12.877,"src/app/api/meals/route.ts"
POST,"/api/meals",BENCHMARKED,401,6.080,5.087,6.703,"src/app/api/meals/route.ts"
DELETE,"/api/meals/test-id",BENCHMARKED,401,9.471,7.068,13.079,"src/app/api/meals/[id]/route.ts"
GET,"/api/meals/test-id",BENCHMARKED,401,9.033,8.351,9.636,"src/app/api/meals/[id]/route.ts"
PUT,"/api/meals/test-id",BENCHMARKED,401,8.878,7.867,10.736,"src/app/api/meals/[id]/route.ts"
GET,"/api/messages",BENCHMARKED,401,8.323,5.983,11.673,"src/app/api/messages/route.ts"
POST,"/api/messages",BENCHMARKED,401,6.677,5.144,8.218,"src/app/api/messages/route.ts"
POST,"/api/messages/bulk",SKIPPED,,,,,"src/app/api/messages/bulk/route.ts"
GET,"/api/messages/conversations",BENCHMARKED,401,8.200,6.206,11.538,"src/app/api/messages/conversations/route.ts"
GET,"/api/messages/groups",BENCHMARKED,403,4.370,3.344,6.280,"src/app/api/messages/groups/route.ts"
POST,"/api/messages/groups",BENCHMARKED,403,4.162,4.004,4.431,"src/app/api/messages/groups/route.ts"
DELETE,"/api/messages/groups/test-id",BENCHMARKED,403,6.080,4.568,8.811,"src/app/api/messages/groups/[groupId]/route.ts"
GET,"/api/messages/groups/test-id",BENCHMARKED,403,9.706,5.288,17.157,"src/app/api/messages/groups/[groupId]/route.ts"
PUT,"/api/messages/groups/test-id",BENCHMARKED,403,7.832,6.473,8.639,"src/app/api/messages/groups/[groupId]/route.ts"
GET,"/api/messages/groups/test-id/messages",BENCHMARKED,403,10.310,8.781,11.322,"src/app/api/messages/groups/[groupId]/messages/route.ts"
POST,"/api/messages/groups/test-id/messages",BENCHMARKED,403,7.733,6.990,8.676,"src/app/api/messages/groups/[groupId]/messages/route.ts"
GET,"/api/messages/status",BENCHMARKED,401,9.556,7.447,13.516,"src/app/api/messages/status/route.ts"
PUT,"/api/messages/status",BENCHMARKED,401,7.011,5.473,8.264,"src/app/api/messages/status/route.ts"
DELETE,"/api/messages/test-id",BENCHMARKED,401,11.872,8.074,18.108,"src/app/api/messages/[messageId]/route.ts"
PATCH,"/api/messages/test-id/status",BENCHMARKED,401,13.022,9.144,19.796,"src/app/api/messages/[messageId]/status/route.ts"
PUT,"/api/messages/test-id/status",BENCHMARKED,401,12.481,11.352,13.757,"src/app/api/messages/[messageId]/status/route.ts"
GET,"/api/other-platform-payments",BENCHMARKED,401,9.839,6.437,16.046,"src/app/api/other-platform-payments/route.ts"
POST,"/api/other-platform-payments",BENCHMARKED,401,8.131,7.113,8.973,"src/app/api/other-platform-payments/route.ts"
DELETE,"/api/other-platform-payments/test-id",BENCHMARKED,401,13.336,10.261,16.390,"src/app/api/other-platform-payments/[id]/route.ts"
GET,"/api/other-platform-payments/test-id",BENCHMARKED,401,11.906,8.156,14.964,"src/app/api/other-platform-payments/[id]/route.ts"
PUT,"/api/other-platform-payments/test-id",BENCHMARKED,401,9.006,8.505,9.866,"src/app/api/other-platform-payments/[id]/route.ts"
DELETE,"/api/payment-links",BENCHMARKED,401,8.445,6.973,10.829,"src/app/api/payment-links/route.ts"
GET,"/api/payment-links",BENCHMARKED,401,5.848,5.226,6.189,"src/app/api/payment-links/route.ts"
POST,"/api/payment-links",BENCHMARKED,401,6.786,6.590,7.014,"src/app/api/payment-links/route.ts"
GET,"/api/payment-links/invoice",BENCHMARKED,401,8.509,6.354,11.763,"src/app/api/payment-links/invoice/route.ts"
POST,"/api/payment-links/invoice",SKIPPED,,,,,"src/app/api/payment-links/invoice/route.ts"
GET,"/api/payment-links/public/test-id",BENCHMARKED,404,227.920,200.507,282.657,"src/app/api/payment-links/public/[id]/route.ts"
POST,"/api/payment-links/reminder",SKIPPED,,,,,"src/app/api/payment-links/reminder/route.ts"
GET,"/api/payment-links/sync",BENCHMARKED,401,11.868,7.530,18.786,"src/app/api/payment-links/sync/route.ts"
POST,"/api/payment-links/sync",SKIPPED,,,,,"src/app/api/payment-links/sync/route.ts"
POST,"/api/payment-links/verify",SKIPPED,,,,,"src/app/api/payment-links/verify/route.ts"
GET,"/api/payment-links/webhook",BENCHMARKED,200,7.074,4.112,12.605,"src/app/api/payment-links/webhook/route.ts"
POST,"/api/payment-links/webhook",SKIPPED,,,,,"src/app/api/payment-links/webhook/route.ts"
GET,"/api/payments",BENCHMARKED,401,12.873,6.395,25.824,"src/app/api/payments/route.ts"
PATCH,"/api/payments",BENCHMARKED,401,6.441,6.157,6.619,"src/app/api/payments/route.ts"
POST,"/api/payments",BENCHMARKED,401,6.422,6.208,6.849,"src/app/api/payments/route.ts"
PUT,"/api/payments",BENCHMARKED,500,142.254,103.161,178.636,"src/app/api/payments/route.ts"
GET,"/api/progress",BENCHMARKED,401,9.835,7.029,14.915,"src/app/api/progress/route.ts"
POST,"/api/progress",BENCHMARKED,401,6.736,6.372,7.146,"src/app/api/progress/route.ts"
DELETE,"/api/progress/photos",BENCHMARKED,401,8.545,5.823,13.926,"src/app/api/progress/photos/route.ts"
GET,"/api/progress/photos",BENCHMARKED,401,6.601,6.242,7.191,"src/app/api/progress/photos/route.ts"
POST,"/api/progress/photos",BENCHMARKED,401,6.204,6.078,6.297,"src/app/api/progress/photos/route.ts"
OPTIONS,"/api/realtime/send",BENCHMARKED,200,5.605,2.981,10.445,"src/app/api/realtime/send/route.ts"
POST,"/api/realtime/send",SKIPPED,,,,,"src/app/api/realtime/send/route.ts"
GET,"/api/realtime/status",BENCHMARKED,401,20.459,12.410,35.052,"src/app/api/realtime/status/route.ts"
POST,"/api/realtime/status",BENCHMARKED,401,8.797,5.960,10.986,"src/app/api/realtime/status/route.ts"
POST,"/api/realtime/typing",SKIPPED,,,,,"src/app/api/realtime/typing/route.ts"
GET,"/api/receipts/test-id",BENCHMARKED,401,10.423,7.525,15.850,"src/app/api/receipts/[fileId]/route.ts"
GET,"/api/recipes",BENCHMARKED,401,11.539,6.265,21.346,"src/app/api/recipes/route.ts"
POST,"/api/recipes",BENCHMARKED,401,6.754,6.451,7.032,"src/app/api/recipes/route.ts"
POST,"/api/recipes/ai-bulk",SKIPPED,,,,,"src/app/api/recipes/ai-bulk/route.ts"
POST,"/api/recipes/ai-generate",SKIPPED,,,,,"src/app/api/recipes/ai-generate/route.ts"
POST,"/api/recipes/import",SKIPPED,,,,,"src/app/api/recipes/import/route.ts"
DELETE,"/api/recipes/test-id",BENCHMARKED,400,7.821,4.946,12.894,"src/app/api/recipes/[id]/route.ts"
GET,"/api/recipes/test-id",BENCHMARKED,400,4.916,4.546,5.202,"src/app/api/recipes/[id]/route.ts"
PUT,"/api/recipes/test-id",BENCHMARKED,400,5.157,4.852,5.551,"src/app/api/recipes/[id]/route.ts"
DELETE,"/api/reports/test-id",BENCHMARKED,401,11.078,8.468,14.570,"src/app/api/reports/[fileId]/route.ts"
GET,"/api/reports/test-id",BENCHMARKED,400,5.925,5.728,6.125,"src/app/api/reports/[fileId]/route.ts"
GET,"/api/sentry-example-api",BENCHMARKED,410,4.631,3.537,6.785,"src/app/api/sentry-example-api/route.ts"
GET,"/api/service-plans",BENCHMARKED,200,62.634,4.249,177.460,"src/app/api/service-plans/route.ts"
GET,"/api/service-plans/test-id",BENCHMARKED,500,63.842,36.614,108.548,"src/app/api/service-plans/[id]/route.ts"
POST,"/api/staff/unread-counts/refresh",BENCHMARKED,401,9.069,7.245,11.903,"src/app/api/staff/unread-counts/refresh/route.ts"
GET,"/api/subscription-plans",BENCHMARKED,200,39.273,2.889,111.051,"src/app/api/subscription-plans/route.ts"
POST,"/api/subscription-plans",BENCHMARKED,401,6.678,5.976,7.125,"src/app/api/subscription-plans/route.ts"
GET,"/api/subscriptions",BENCHMARKED,401,8.440,6.313,12.525,"src/app/api/subscriptions/route.ts"
POST,"/api/subscriptions",BENCHMARKED,401,7.048,6.750,7.344,"src/app/api/subscriptions/route.ts"
DELETE,"/api/subscriptions/test-id",BENCHMARKED,401,10.883,9.549,11.560,"src/app/api/subscriptions/[id]/route.ts"
GET,"/api/subscriptions/test-id",BENCHMARKED,401,8.741,8.589,8.846,"src/app/api/subscriptions/[id]/route.ts"
PUT,"/api/subscriptions/test-id",BENCHMARKED,401,9.123,8.437,9.783,"src/app/api/subscriptions/[id]/route.ts"
POST,"/api/subscriptions/verify-payment",SKIPPED,,,,,"src/app/api/subscriptions/verify-payment/route.ts"
GET,"/api/support/bug-report",BENCHMARKED,401,11.831,7.277,15.680,"src/app/api/support/bug-report/route.ts"
PATCH,"/api/support/bug-report",BENCHMARKED,401,6.375,5.639,6.846,"src/app/api/support/bug-report/route.ts"
POST,"/api/support/bug-report",SKIPPED,,,,,"src/app/api/support/bug-report/route.ts"
GET,"/api/support/contact",BENCHMARKED,401,9.542,6.656,14.817,"src/app/api/support/contact/route.ts"
POST,"/api/support/contact",SKIPPED,,,,,"src/app/api/support/contact/route.ts"
DELETE,"/api/system-alerts",BENCHMARKED,403,7.887,5.615,12.175,"src/app/api/system-alerts/route.ts"
GET,"/api/system-alerts",BENCHMARKED,401,6.215,5.071,7.207,"src/app/api/system-alerts/route.ts"
POST,"/api/system-alerts",BENCHMARKED,403,6.554,5.220,7.377,"src/app/api/system-alerts/route.ts"
POST,"/api/system-alerts/bulk",SKIPPED,,,,,"src/app/api/system-alerts/bulk/route.ts"
DELETE,"/api/system-alerts/test-id",BENCHMARKED,403,9.889,7.692,13.707,"src/app/api/system-alerts/[id]/route.ts"
GET,"/api/system-alerts/test-id",BENCHMARKED,403,7.452,6.244,8.174,"src/app/api/system-alerts/[id]/route.ts"
PATCH,"/api/system-alerts/test-id",BENCHMARKED,403,8.692,7.984,9.525,"src/app/api/system-alerts/[id]/route.ts"
GET,"/api/tags",BENCHMARKED,401,9.267,7.063,13.151,"src/app/api/tags/route.ts"
POST,"/api/tags",BENCHMARKED,401,7.013,6.457,7.495,"src/app/api/tags/route.ts"
DELETE,"/api/tags/test-id",BENCHMARKED,401,10.379,7.338,15.642,"src/app/api/tags/[tagId]/route.ts"
GET,"/api/tags/test-id",BENCHMARKED,401,9.091,8.713,9.424,"src/app/api/tags/[tagId]/route.ts"
PATCH,"/api/tags/test-id",BENCHMARKED,401,9.411,8.178,11.133,"src/app/api/tags/[tagId]/route.ts"
GET,"/api/test-email",BENCHMARKED,200,6.732,4.129,10.826,"src/app/api/test-email/route.ts"
POST,"/api/test-email",SKIPPED,,,,,"src/app/api/test-email/route.ts"
GET,"/api/tracking/sleep",BENCHMARKED,401,10.251,6.189,12.991,"src/app/api/tracking/sleep/route.ts"
POST,"/api/tracking/sleep",BENCHMARKED,401,6.278,4.912,7.035,"src/app/api/tracking/sleep/route.ts"
GET,"/api/tracking/steps",BENCHMARKED,401,9.481,6.428,14.895,"src/app/api/tracking/steps/route.ts"
POST,"/api/tracking/steps",BENCHMARKED,401,7.284,7.083,7.569,"src/app/api/tracking/steps/route.ts"
GET,"/api/tracking/water",BENCHMARKED,401,8.275,6.139,11.207,"src/app/api/tracking/water/route.ts"
POST,"/api/tracking/water",BENCHMARKED,401,8.083,6.974,9.897,"src/app/api/tracking/water/route.ts"
GET,"/api/tracking/weight",BENCHMARKED,401,13.304,6.974,17.802,"src/app/api/tracking/weight/route.ts"
POST,"/api/tracking/weight",BENCHMARKED,401,7.532,7.155,7.961,"src/app/api/tracking/weight/route.ts"
DELETE,"/api/upload",BENCHMARKED,401,8.971,5.580,13.868,"src/app/api/upload/route.ts"
POST,"/api/upload",SKIPPED,,,,,"src/app/api/upload/route.ts"
POST,"/api/upload-image",SKIPPED,,,,,"src/app/api/upload-image/route.ts"
POST,"/api/user/forget-password",SKIPPED,,,,,"src/app/api/user/forget-password/route.ts"
GET,"/api/user/reset-password",BENCHMARKED,400,6.762,3.647,12.432,"src/app/api/user/reset-password/route.ts"
POST,"/api/user/reset-password",SKIPPED,,,,,"src/app/api/user/reset-password/route.ts"
GET,"/api/users",BENCHMARKED,401,8.741,8.030,9.873,"src/app/api/users/route.ts"
POST,"/api/users",BENCHMARKED,401,8.440,7.234,9.333,"src/app/api/users/route.ts"
PUT,"/api/users",BENCHMARKED,401,7.189,6.496,7.600,"src/app/api/users/route.ts"
GET,"/api/users/available",BENCHMARKED,401,8.212,7.784,8.985,"src/app/api/users/available/route.ts"
GET,"/api/users/available-for-chat",BENCHMARKED,401,9.682,7.511,13.560,"src/app/api/users/available-for-chat/route.ts"
GET,"/api/users/clients",BENCHMARKED,401,9.490,7.871,12.665,"src/app/api/users/clients/route.ts"
GET,"/api/users/dietitian",BENCHMARKED,401,10.220,7.832,13.604,"src/app/api/users/dietitian/route.ts"
GET,"/api/users/dietitian/availability",BENCHMARKED,401,10.167,8.344,11.913,"src/app/api/users/dietitian/availability/route.ts"
POST,"/api/users/dietitian/availability",BENCHMARKED,401,6.267,5.040,7.304,"src/app/api/users/dietitian/availability/route.ts"
PUT,"/api/users/dietitian/availability",BENCHMARKED,401,7.009,6.415,7.631,"src/app/api/users/dietitian/availability/route.ts"
GET,"/api/users/dietitian/availability/setup",BENCHMARKED,401,8.675,6.437,12.355,"src/app/api/users/dietitian/availability/setup/route.ts"
POST,"/api/users/dietitian/availability/setup",BENCHMARKED,401,6.350,6.009,6.585,"src/app/api/users/dietitian/availability/setup/route.ts"
GET,"/api/users/dietitians",BENCHMARKED,401,8.640,6.175,12.727,"src/app/api/users/dietitians/route.ts"
GET,"/api/users/health-counselors",BENCHMARKED,401,7.708,5.358,11.845,"src/app/api/users/health-counselors/route.ts"
DELETE,"/api/users/test-id",BENCHMARKED,403,9.601,6.675,14.433,"src/app/api/users/[id]/route.ts"
GET,"/api/users/test-id",BENCHMARKED,401,7.778,7.303,8.189,"src/app/api/users/[id]/route.ts"
PATCH,"/api/users/test-id",BENCHMARKED,403,8.038,7.453,8.538,"src/app/api/users/[id]/route.ts"
POST,"/api/users/test-id",BENCHMARKED,401,7.990,7.795,8.271,"src/app/api/users/[id]/route.ts"
PUT,"/api/users/test-id",BENCHMARKED,401,11.498,7.728,19.023,"src/app/api/users/[id]/route.ts"
DELETE,"/api/users/test-id/documents",BENCHMARKED,401,9.097,5.959,13.066,"src/app/api/users/[id]/documents/route.ts"
GET,"/api/users/test-id/documents",BENCHMARKED,401,7.695,7.423,7.889,"src/app/api/users/[id]/documents/route.ts"
POST,"/api/users/test-id/documents",BENCHMARKED,401,8.739,8.211,9.668,"src/app/api/users/[id]/documents/route.ts"
GET,"/api/users/test-id/history",BENCHMARKED,401,10.402,8.142,14.436,"src/app/api/users/[id]/history/route.ts"
POST,"/api/users/test-id/history",BENCHMARKED,401,8.049,7.598,8.651,"src/app/api/users/[id]/history/route.ts"
GET,"/api/users/test-id/lifestyle",BENCHMARKED,401,12.407,10.225,14.744,"src/app/api/users/[id]/lifestyle/route.ts"
POST,"/api/users/test-id/lifestyle",BENCHMARKED,401,11.078,9.649,11.833,"src/app/api/users/[id]/lifestyle/route.ts"
GET,"/api/users/test-id/medical",BENCHMARKED,401,13.050,9.562,18.437,"src/app/api/users/[id]/medical/route.ts"
POST,"/api/users/test-id/medical",BENCHMARKED,401,10.643,9.485,12.654,"src/app/api/users/[id]/medical/route.ts"
POST,"/api/users/test-id/medical/upload",BENCHMARKED,401,14.186,11.909,18.206,"src/app/api/users/[id]/medical/upload/route.ts"
GET,"/api/users/test-id/notes",BENCHMARKED,401,16.323,9.637,24.475,"src/app/api/users/[id]/notes/route.ts"
POST,"/api/users/test-id/notes",BENCHMARKED,401,48.090,12.818,117.485,"src/app/api/users/[id]/notes/route.ts"
DELETE,"/api/users/test-id/notes/test-id",BENCHMARKED,401,24.040,20.123,29.578,"src/app/api/users/[id]/notes/[noteId]/route.ts"
PATCH,"/api/users/test-id/notes/test-id",BENCHMARKED,401,22.442,19.599,24.164,"src/app/api/users/[id]/notes/[noteId]/route.ts"
GET,"/api/users/test-id/recall",BENCHMARKED,401,22.155,12.985,32.677,"src/app/api/users/[id]/recall/route.ts"
POST,"/api/users/test-id/recall",BENCHMARKED,401,28.241,17.871,46.504,"src/app/api/users/[id]/recall/route.ts"
DELETE,"/api/users/test-id/recall/test-id",BENCHMARKED,401,34.282,25.530,51.611,"src/app/api/users/[id]/recall/[recallId]/route.ts"
PUT,"/api/users/test-id/recall/test-id",BENCHMARKED,401,22.243,9.986,35.218,"src/app/api/users/[id]/recall/[recallId]/route.ts"
GET,"/api/users/test-id/tasks",BENCHMARKED,401,29.197,20.339,41.025,"src/app/api/users/[id]/tasks/route.ts"
POST,"/api/users/test-id/tasks",BENCHMARKED,401,11.505,8.697,12.927,"src/app/api/users/[id]/tasks/route.ts"
DELETE,"/api/users/test-id/tasks/test-id",BENCHMARKED,401,13.092,8.683,16.833,"src/app/api/users/[id]/tasks/[taskId]/route.ts"
GET,"/api/users/test-id/tasks/test-id",BENCHMARKED,401,16.766,14.715,18.325,"src/app/api/users/[id]/tasks/[taskId]/route.ts"
PATCH,"/api/users/test-id/tasks/test-id",BENCHMARKED,401,15.673,12.929,20.548,"src/app/api/users/[id]/tasks/[taskId]/route.ts"
DELETE,"/api/watch/connect",BENCHMARKED,401,12.336,10.748,14.022,"src/app/api/watch/connect/route.ts"
GET,"/api/watch/connect",BENCHMARKED,401,11.249,10.772,11.997,"src/app/api/watch/connect/route.ts"
POST,"/api/watch/connect",SKIPPED,,,,,"src/app/api/watch/connect/route.ts"
GET,"/api/watch/data",BENCHMARKED,401,11.165,7.609,15.861,"src/app/api/watch/data/route.ts"
POST,"/api/watch/data",BENCHMARKED,401,11.527,9.745,12.629,"src/app/api/watch/data/route.ts"
GET,"/api/watch/flashlight",BENCHMARKED,401,10.959,9.286,12.073,"src/app/api/watch/flashlight/route.ts"
POST,"/api/watch/flashlight",BENCHMARKED,401,9.043,6.866,10.506,"src/app/api/watch/flashlight/route.ts"
GET,"/api/watch/oauth/callback",BENCHMARKED,307,5.198,4.941,5.581,"src/app/api/watch/oauth/callback/route.ts"
POST,"/api/watch/oauth/callback",BENCHMARKED,401,10.872,9.070,13.273,"src/app/api/watch/oauth/callback/route.ts"
GET,"/api/watch/settings",BENCHMARKED,401,10.637,7.931,12.249,"src/app/api/watch/settings/route.ts"
PUT,"/api/watch/settings",BENCHMARKED,401,8.935,7.455,10.912,"src/app/api/watch/settings/route.ts"
POST,"/api/watch/sync",SKIPPED,,,,,"src/app/api/watch/sync/route.ts"
GET,"/api/wati-contacts",BENCHMARKED,200,215.215,65.354,499.132,"src/app/api/wati-contacts/route.ts"
POST,"/api/wati-contacts",BENCHMARKED,200,779.299,535.325,1021.028,"src/app/api/wati-contacts/route.ts"
DELETE,"/api/webhooks/endpoints",BENCHMARKED,401,11.484,10.191,13.390,"src/app/api/webhooks/endpoints/route.ts"
GET,"/api/webhooks/endpoints",BENCHMARKED,401,7.673,7.327,7.861,"src/app/api/webhooks/endpoints/route.ts"
POST,"/api/webhooks/endpoints",BENCHMARKED,401,7.187,6.833,7.473,"src/app/api/webhooks/endpoints/route.ts"
PUT,"/api/webhooks/endpoints",BENCHMARKED,401,6.706,6.223,7.541,"src/app/api/webhooks/endpoints/route.ts"
POST,"/api/webhooks/razorpay",SKIPPED,,,,,"src/app/api/webhooks/razorpay/route.ts"
POST,"/api/webhooks/stripe",SKIPPED,,,,,"src/app/api/webhooks/stripe/route.ts"
GET,"/api/webrtc/signal",BENCHMARKED,401,7.759,6.373,10.458,"src/app/api/webrtc/signal/route.ts"
POST,"/api/webrtc/signal",SKIPPED,,,,,"src/app/api/webrtc/signal/route.ts"
GET,"/api/webrtc/simple-signal",BENCHMARKED,401,6.560,5.788,7.603,"src/app/api/webrtc/simple-signal/route.ts"
POST,"/api/webrtc/simple-signal",SKIPPED,,,,,"src/app/api/webrtc/simple-signal/route.ts"
DELETE,"/api/woocommerce/from-db",BENCHMARKED,401,7.226,6.319,8.880,"src/app/api/woocommerce/from-db/route.ts"
GET,"/api/woocommerce/from-db",BENCHMARKED,401,6.467,6.333,6.546,"src/app/api/woocommerce/from-db/route.ts"
GET,"/api/woocommerce/orders",BENCHMARKED,401,6.577,4.950,8.092,"src/app/api/woocommerce/orders/route.ts"
POST,"/api/woocommerce/orders",BENCHMARKED,401,6.593,6.034,7.088,"src/app/api/woocommerce/orders/route.ts"
POST,"/api/woocommerce/save-to-db",SKIPPED,,,,,"src/app/api/woocommerce/save-to-db/route.ts"
GET,"/api/wordpress/media",BENCHMARKED,500,260.858,211.018,294.948,"src/app/api/wordpress/media/route.ts"
POST,"/api/wordpress/media",SKIPPED,,,,,"src/app/api/wordpress/media/route.ts"
GET,"/api/zoom/test",BENCHMARKED,410,19.955,12.355,24.730,"src/app/api/zoom/test/route.ts"
POST,"/api/zoom/test",BENCHMARKED,410,7.498,4.141,9.712,"src/app/api/zoom/test/route.ts"